{"products":[{"id":"0.7717741769538773","qty":1}],"totalPice":12.199999999999996}